{"cameraMode":{"drawMode":0,"name":"Shaded","section":"Shading Mode"},"sceneLighting":false,"audioPlay":false,"sceneViewState":{"showFog":true,"showMaterialUpdate":false,"showSkybox":false,"showFlares":true,"showImageEffects":true,"showParticleSystems":true},"in2DMode":false,"pivot":{"x":0.06319443881511688,"y":0.13003294169902802,"z":1.7780439853668213},"rotation":{"x":0.3383156359195709,"y":0.20787334442138673,"z":-0.07689676433801651,"w":0.9145589470863342},"size":5.052844047546387,"orthographic":false}