{"cameraMode":{"drawMode":0,"name":"Shaded","section":"Shading Mode"},"sceneLighting":false,"audioPlay":false,"sceneViewState":{"showFog":true,"showMaterialUpdate":false,"showSkybox":false,"showFlares":true,"showImageEffects":true,"showParticleSystems":true},"in2DMode":false,"pivot":{"x":0.3487262725830078,"y":0.8183436393737793,"z":0.7084367275238037},"rotation":{"x":-0.0833076611161232,"y":0.8948502540588379,"z":-0.1882152259349823,"w":-0.3960782587528229},"size":3.7728431224823,"orthographic":false}