{"cameraMode":{"drawMode":0,"name":"Shaded","section":"Shading Mode"},"sceneLighting":false,"audioPlay":false,"sceneViewState":{"showFog":true,"showMaterialUpdate":false,"showSkybox":false,"showFlares":true,"showImageEffects":true,"showParticleSystems":true},"in2DMode":false,"pivot":{"x":-3.2159900665283205,"y":-1.647087574005127,"z":-0.05084693431854248},"rotation":{"x":-0.16016961634159089,"y":0.7312218546867371,"z":-0.18383994698524476,"w":-0.6370739340782166},"size":12.091119766235352,"orthographic":false}