{"cameraMode":{"drawMode":0,"name":"Shaded","section":"Shading Mode"},"sceneLighting":true,"audioPlay":false,"sceneViewState":{"showFog":true,"showMaterialUpdate":false,"showSkybox":true,"showFlares":true,"showImageEffects":true,"showParticleSystems":true},"in2DMode":false,"pivot":{"x":-15.744403839111329,"y":5.498868942260742,"z":1.493149757385254},"rotation":{"x":0.23793035745620728,"y":-0.36446550488471987,"z":0.09688360244035721,"w":0.8950797319412231},"size":23.309221267700197,"orthographic":false}