{"cameraMode":{"drawMode":0,"name":"Shaded","section":"Shading Mode"},"sceneLighting":true,"audioPlay":false,"sceneViewState":{"showFog":true,"showMaterialUpdate":false,"showSkybox":true,"showFlares":true,"showImageEffects":true,"showParticleSystems":true},"in2DMode":false,"pivot":{"x":-5.227761268615723,"y":-8.640373229980469,"z":8.392169952392579},"rotation":{"x":-0.044903628528118137,"y":0.926288902759552,"z":-0.3553471267223358,"w":-0.11705165356397629},"size":79.51515197753906,"orthographic":false}