{"cameraMode":{"drawMode":0,"name":"Shaded","section":"Shading Mode"},"sceneLighting":true,"audioPlay":false,"sceneViewState":{"showFog":true,"showMaterialUpdate":false,"showSkybox":true,"showFlares":true,"showImageEffects":true,"showParticleSystems":true},"in2DMode":false,"pivot":{"x":-7.220905303955078,"y":-37.27275085449219,"z":32.322837829589847},"rotation":{"x":0.29752030968666079,"y":-0.3182121515274048,"z":0.10591524094343186,"w":0.8938706517219544},"size":93.44998168945313,"orthographic":false}